test,Cao,CFLLV,KP,Cao noCC,CFLLV noCC,KP noCC,Cao double LB,Cao undel LB,Cao LB,Cao double LB IC,Cao undel LB IC,Cao IC,CFLLV LB,KP LB,Cao noDeg3,Cao LB noDeg3,II kernel,II kernel LB,II LB,II LB Deg3,II
hidden_001,4:14.09,4:35.99,4:51.16,3:43.87,4:04.45,4:06.31,0:00.23,0:01.27,0:00.22,0:00.23,0:00.87,0:00.22,0:00.89,0:01.25,3:53.20,0:00.22,12:17.04,0:30.76,0:02.20,0:02.20,8:22.16
hidden_002,0:00.01,0:00.02,0:00.01,0:00.02,0:00.01,0:00.01,0:00.01,0:00.01,0:00.00,0:00.00,0:00.01,0:00.01,0:00.01,0:00.01,0:00.00,0:00.01,0:00.03,0:00.02,0:00.01,0:00.01,0:00.01
hidden_003,0:00.02,0:00.05,0:00.02,0:00.03,0:00.02,0:00.02,0:00.01,0:00.02,0:00.01,0:00.01,0:00.02,0:00.02,0:00.01,0:00.02,0:00.01,0:00.01,0:00.01,0:00.01,0:00.01,0:00.01,0:00.01
hidden_004,0:00.01,0:00.02,0:00.01,0:00.01,0:00.01,0:00.01,0:00.01,0:00.01,0:00.00,0:00.00,0:00.01,0:00.01,0:00.01,0:00.03,0:00.00,0:00.01,0:00.01,0:00.01,0:00.00,0:00.00,0:00.00
hidden_005,TIMEOUT,TIMEOUT,TIMEOUT,TIMEOUT,TIMEOUT,TIMEOUT,TIMEOUT,TIMEOUT,TIMEOUT,TIMEOUT,TIMEOUT,TIMEOUT,TIMEOUT,TIMEOUT,TIMEOUT,TIMEOUT,TIMEOUT,TIMEOUT,TIMEOUT,TIMEOUT,TIMEOUT
hidden_006,TIMEOUT,TIMEOUT,TIMEOUT,TIMEOUT,TIMEOUT,TIMEOUT,TIMEOUT,TIMEOUT,TIMEOUT,TIMEOUT,TIMEOUT,TIMEOUT,TIMEOUT,TIMEOUT,TIMEOUT,TIMEOUT,TIMEOUT,TIMEOUT,TIMEOUT,TIMEOUT,TIMEOUT
hidden_007,0:11.46,1:17.79,1:09.86,0:23.38,3:41.30,3:26.03,0:00.72,0:06.63,0:00.66,0:00.73,0:06.59,0:00.67,0:06.73,0:06.73,0:36.62,0:00.65,4:54.11,1:02.40,0:15.72,0:15.46,2:22.65
hidden_008,TIMEOUT,TIMEOUT,TIMEOUT,TIMEOUT,TIMEOUT,TIMEOUT,TIMEOUT,TIMEOUT,TIMEOUT,TIMEOUT,TIMEOUT,TIMEOUT,TIMEOUT,TIMEOUT,TIMEOUT,TIMEOUT,TIMEOUT,TIMEOUT,TIMEOUT,TIMEOUT,TIMEOUT
hidden_009,TIMEOUT,TIMEOUT,TIMEOUT,TIMEOUT,TIMEOUT,TIMEOUT,TIMEOUT,TIMEOUT,TIMEOUT,TIMEOUT,TIMEOUT,TIMEOUT,TIMEOUT,TIMEOUT,TIMEOUT,TIMEOUT,TIMEOUT,TIMEOUT,TIMEOUT,TIMEOUT,TIMEOUT
hidden_010,TIMEOUT,TIMEOUT,TIMEOUT,TIMEOUT,TIMEOUT,TIMEOUT,TIMEOUT,TIMEOUT,TIMEOUT,TIMEOUT,TIMEOUT,TIMEOUT,TIMEOUT,TIMEOUT,TIMEOUT,TIMEOUT,TIMEOUT,TIMEOUT,TIMEOUT,TIMEOUT,TIMEOUT
hidden_011,TIMEOUT,TIMEOUT,TIMEOUT,TIMEOUT,TIMEOUT,TIMEOUT,TIMEOUT,TIMEOUT,TIMEOUT,TIMEOUT,TIMEOUT,TIMEOUT,TIMEOUT,TIMEOUT,TIMEOUT,TIMEOUT,TIMEOUT,TIMEOUT,TIMEOUT,TIMEOUT,TIMEOUT
hidden_012,0:00.35,0:01.85,0:01.85,0:06.68,1:28.26,1:31.63,0:00.02,0:00.05,0:00.01,0:00.02,0:00.06,0:00.02,0:00.07,0:00.07,0:01.08,0:00.01,0:10.64,0:01.03,0:00.24,0:00.24,0:03.72
hidden_013,TIMEOUT,TIMEOUT,TIMEOUT,TIMEOUT,TIMEOUT,TIMEOUT,TIMEOUT,TIMEOUT,TIMEOUT,TIMEOUT,TIMEOUT,TIMEOUT,TIMEOUT,TIMEOUT,TIMEOUT,TIMEOUT,TIMEOUT,TIMEOUT,TIMEOUT,TIMEOUT,TIMEOUT
hidden_014,TIMEOUT,TIMEOUT,TIMEOUT,TIMEOUT,TIMEOUT,TIMEOUT,TIMEOUT,TIMEOUT,TIMEOUT,TIMEOUT,TIMEOUT,TIMEOUT,TIMEOUT,TIMEOUT,TIMEOUT,TIMEOUT,TIMEOUT,TIMEOUT,TIMEOUT,TIMEOUT,TIMEOUT
hidden_015,0:00.07,0:00.07,0:00.08,0:00.06,0:00.07,0:00.07,0:00.03,0:00.04,0:00.02,0:00.02,0:00.03,0:00.03,0:00.03,0:00.03,0:00.06,0:00.02,0:00.42,0:00.25,0:00.06,0:00.07,0:00.13
hidden_016,0:00.03,0:00.03,0:00.03,0:00.03,0:00.03,0:00.02,0:00.02,0:00.02,0:00.02,0:00.01,0:00.02,0:00.02,0:00.02,0:00.02,0:00.02,0:00.01,0:00.51,0:00.49,0:00.10,0:00.09,0:00.10
hidden_017,0:00.00,0:00.01,0:00.01,0:00.01,0:00.01,0:00.00,0:00.01,0:00.01,0:00.00,0:00.00,0:00.01,0:00.01,0:00.01,0:00.01,0:00.01,0:00.00,0:00.00,0:00.00,0:00.00,0:00.01,0:00.00
hidden_018,0:00.01,0:00.01,0:00.01,0:00.01,0:00.01,0:00.00,0:00.01,0:00.01,0:00.00,0:00.00,0:00.01,0:00.01,0:00.01,0:00.01,0:00.00,0:00.01,0:00.02,0:00.00,0:00.01,0:00.01,0:00.01
hidden_019,0:00.06,0:00.05,0:00.05,0:00.05,0:00.04,0:00.04,0:00.02,0:00.01,0:00.01,0:00.01,0:00.01,0:00.01,0:00.01,0:00.01,0:00.05,0:00.02,0:00.24,0:00.11,0:00.04,0:00.03,0:00.08
hidden_020,0:10.42,0:13.82,0:14.37,0:09.10,0:11.79,0:12.28,0:00.07,0:00.17,0:00.06,0:00.06,0:00.17,0:00.05,0:00.17,0:00.17,0:09.87,0:00.06,0:45.23,0:06.84,0:00.46,0:00.47,0:23.70
hidden_021,0:00.22,0:00.21,0:00.21,0:00.20,0:00.20,0:00.19,0:00.02,0:00.02,0:00.02,0:00.01,0:00.02,0:00.03,0:00.01,0:00.01,0:00.29,0:00.01,0:01.11,0:00.22,0:00.06,0:00.06,0:00.53
hidden_022,TIMEOUT,TIMEOUT,TIMEOUT,TIMEOUT,TIMEOUT,TIMEOUT,0:15.99,1:11.32,0:10.84,0:16.12,1:01.50,0:09.76,1:01.56,1:04.56,TIMEOUT,0:10.89,TIMEOUT,TIMEOUT,2:44.37,2:45.15,TIMEOUT
hidden_023,TIMEOUT,TIMEOUT,TIMEOUT,TIMEOUT,TIMEOUT,TIMEOUT,2:14.82,TIMEOUT,1:24.57,1:42.39,TIMEOUT,1:24.36,TIMEOUT,TIMEOUT,TIMEOUT,1:25.00,TIMEOUT,TIMEOUT,TIMEOUT,TIMEOUT,TIMEOUT
hidden_024,TIMEOUT,TIMEOUT,TIMEOUT,TIMEOUT,TIMEOUT,TIMEOUT,TIMEOUT,TIMEOUT,TIMEOUT,TIMEOUT,TIMEOUT,TIMEOUT,TIMEOUT,TIMEOUT,TIMEOUT,TIMEOUT,TIMEOUT,TIMEOUT,TIMEOUT,TIMEOUT,TIMEOUT
hidden_025,TIMEOUT,TIMEOUT,TIMEOUT,TIMEOUT,TIMEOUT,TIMEOUT,TIMEOUT,TIMEOUT,TIMEOUT,TIMEOUT,TIMEOUT,TIMEOUT,TIMEOUT,TIMEOUT,TIMEOUT,TIMEOUT,TIMEOUT,TIMEOUT,TIMEOUT,TIMEOUT,TIMEOUT
hidden_026,TIMEOUT,TIMEOUT,TIMEOUT,TIMEOUT,TIMEOUT,TIMEOUT,TIMEOUT,TIMEOUT,TIMEOUT,TIMEOUT,TIMEOUT,TIMEOUT,TIMEOUT,TIMEOUT,TIMEOUT,TIMEOUT,TIMEOUT,TIMEOUT,TIMEOUT,TIMEOUT,TIMEOUT
hidden_027,TIMEOUT,TIMEOUT,TIMEOUT,TIMEOUT,TIMEOUT,TIMEOUT,TIMEOUT,TIMEOUT,TIMEOUT,TIMEOUT,TIMEOUT,TIMEOUT,TIMEOUT,TIMEOUT,TIMEOUT,TIMEOUT,TIMEOUT,TIMEOUT,TIMEOUT,TIMEOUT,TIMEOUT
hidden_028,TIMEOUT,TIMEOUT,TIMEOUT,TIMEOUT,TIMEOUT,TIMEOUT,TIMEOUT,TIMEOUT,TIMEOUT,TIMEOUT,TIMEOUT,TIMEOUT,TIMEOUT,TIMEOUT,TIMEOUT,TIMEOUT,TIMEOUT,TIMEOUT,TIMEOUT,TIMEOUT,TIMEOUT
hidden_029,TIMEOUT,TIMEOUT,TIMEOUT,TIMEOUT,TIMEOUT,TIMEOUT,TIMEOUT,TIMEOUT,TIMEOUT,TIMEOUT,TIMEOUT,TIMEOUT,TIMEOUT,TIMEOUT,TIMEOUT,TIMEOUT,TIMEOUT,TIMEOUT,TIMEOUT,TIMEOUT,TIMEOUT
hidden_030,TIMEOUT,TIMEOUT,TIMEOUT,TIMEOUT,TIMEOUT,TIMEOUT,TIMEOUT,TIMEOUT,TIMEOUT,TIMEOUT,TIMEOUT,TIMEOUT,TIMEOUT,TIMEOUT,TIMEOUT,TIMEOUT,TIMEOUT,TIMEOUT,TIMEOUT,TIMEOUT,TIMEOUT
hidden_031,TIMEOUT,TIMEOUT,TIMEOUT,TIMEOUT,TIMEOUT,TIMEOUT,TIMEOUT,TIMEOUT,TIMEOUT,TIMEOUT,TIMEOUT,TIMEOUT,TIMEOUT,TIMEOUT,TIMEOUT,TIMEOUT,TIMEOUT,TIMEOUT,TIMEOUT,TIMEOUT,TIMEOUT
hidden_032,TIMEOUT,TIMEOUT,TIMEOUT,TIMEOUT,TIMEOUT,TIMEOUT,TIMEOUT,TIMEOUT,TIMEOUT,TIMEOUT,TIMEOUT,TIMEOUT,TIMEOUT,TIMEOUT,TIMEOUT,TIMEOUT,TIMEOUT,TIMEOUT,TIMEOUT,TIMEOUT,TIMEOUT
hidden_033,TIMEOUT,TIMEOUT,TIMEOUT,TIMEOUT,TIMEOUT,TIMEOUT,TIMEOUT,TIMEOUT,TIMEOUT,TIMEOUT,TIMEOUT,TIMEOUT,TIMEOUT,TIMEOUT,TIMEOUT,TIMEOUT,TIMEOUT,TIMEOUT,TIMEOUT,TIMEOUT,TIMEOUT
hidden_034,TIMEOUT,TIMEOUT,TIMEOUT,TIMEOUT,TIMEOUT,TIMEOUT,TIMEOUT,TIMEOUT,TIMEOUT,TIMEOUT,TIMEOUT,TIMEOUT,TIMEOUT,TIMEOUT,TIMEOUT,TIMEOUT,TIMEOUT,TIMEOUT,TIMEOUT,TIMEOUT,TIMEOUT
hidden_035,TIMEOUT,TIMEOUT,TIMEOUT,TIMEOUT,TIMEOUT,TIMEOUT,1:05.73,TIMEOUT,0:37.86,0:57.24,TIMEOUT,0:38.99,TIMEOUT,TIMEOUT,TIMEOUT,0:37.60,TIMEOUT,TIMEOUT,TIMEOUT,TIMEOUT,TIMEOUT
hidden_036,0:00.33,0:00.42,0:00.43,0:00.32,0:00.38,0:00.39,0:00.01,0:00.02,0:00.01,0:00.01,0:00.01,0:00.01,0:00.02,0:00.02,0:00.41,0:00.02,0:01.05,0:00.06,0:00.03,0:00.03,0:00.63
hidden_037,0:00.01,0:00.01,0:00.04,0:00.06,0:00.01,0:00.00,0:00.01,0:00.01,0:00.00,0:00.00,0:00.01,0:00.01,0:00.01,0:00.01,0:00.01,0:00.01,0:00.00,0:00.00,0:00.00,0:00.00,0:00.01
hidden_038,TIMEOUT,TIMEOUT,TIMEOUT,TIMEOUT,TIMEOUT,TIMEOUT,TIMEOUT,TIMEOUT,TIMEOUT,TIMEOUT,TIMEOUT,TIMEOUT,TIMEOUT,TIMEOUT,TIMEOUT,TIMEOUT,TIMEOUT,TIMEOUT,TIMEOUT,TIMEOUT,TIMEOUT
hidden_039,TIMEOUT,TIMEOUT,TIMEOUT,TIMEOUT,TIMEOUT,TIMEOUT,TIMEOUT,TIMEOUT,TIMEOUT,TIMEOUT,TIMEOUT,TIMEOUT,TIMEOUT,TIMEOUT,TIMEOUT,TIMEOUT,TIMEOUT,TIMEOUT,TIMEOUT,TIMEOUT,TIMEOUT
hidden_040,TIMEOUT,TIMEOUT,TIMEOUT,TIMEOUT,TIMEOUT,TIMEOUT,TIMEOUT,TIMEOUT,TIMEOUT,TIMEOUT,TIMEOUT,TIMEOUT,TIMEOUT,TIMEOUT,TIMEOUT,TIMEOUT,TIMEOUT,TIMEOUT,TIMEOUT,TIMEOUT,TIMEOUT
hidden_041,TIMEOUT,TIMEOUT,TIMEOUT,TIMEOUT,TIMEOUT,TIMEOUT,6:46.00,0:24.83,6:53.98,6:45.44,0:24.82,6:54.30,0:24.81,0:25.58,TIMEOUT,6:43.38,TIMEOUT,13:34.45,0:57.33,0:57.56,TIMEOUT
hidden_042,TIMEOUT,TIMEOUT,TIMEOUT,TIMEOUT,TIMEOUT,TIMEOUT,TIMEOUT,TIMEOUT,TIMEOUT,TIMEOUT,TIMEOUT,TIMEOUT,TIMEOUT,TIMEOUT,TIMEOUT,TIMEOUT,TIMEOUT,TIMEOUT,TIMEOUT,TIMEOUT,TIMEOUT
hidden_043,TIMEOUT,TIMEOUT,TIMEOUT,TIMEOUT,TIMEOUT,TIMEOUT,TIMEOUT,TIMEOUT,TIMEOUT,TIMEOUT,TIMEOUT,TIMEOUT,TIMEOUT,TIMEOUT,TIMEOUT,TIMEOUT,TIMEOUT,TIMEOUT,TIMEOUT,TIMEOUT,TIMEOUT
hidden_044,TIMEOUT,TIMEOUT,TIMEOUT,TIMEOUT,TIMEOUT,TIMEOUT,TIMEOUT,TIMEOUT,TIMEOUT,TIMEOUT,TIMEOUT,TIMEOUT,TIMEOUT,TIMEOUT,TIMEOUT,TIMEOUT,TIMEOUT,TIMEOUT,TIMEOUT,TIMEOUT,TIMEOUT
hidden_045,TIMEOUT,TIMEOUT,TIMEOUT,TIMEOUT,TIMEOUT,TIMEOUT,TIMEOUT,TIMEOUT,TIMEOUT,TIMEOUT,TIMEOUT,TIMEOUT,TIMEOUT,TIMEOUT,TIMEOUT,TIMEOUT,TIMEOUT,TIMEOUT,TIMEOUT,TIMEOUT,TIMEOUT
hidden_046,TIMEOUT,TIMEOUT,TIMEOUT,TIMEOUT,TIMEOUT,TIMEOUT,TIMEOUT,TIMEOUT,TIMEOUT,TIMEOUT,TIMEOUT,TIMEOUT,TIMEOUT,TIMEOUT,TIMEOUT,TIMEOUT,TIMEOUT,TIMEOUT,TIMEOUT,TIMEOUT,TIMEOUT
hidden_047,TIMEOUT,TIMEOUT,TIMEOUT,TIMEOUT,TIMEOUT,TIMEOUT,TIMEOUT,TIMEOUT,TIMEOUT,TIMEOUT,TIMEOUT,TIMEOUT,TIMEOUT,TIMEOUT,TIMEOUT,TIMEOUT,TIMEOUT,TIMEOUT,TIMEOUT,TIMEOUT,TIMEOUT
hidden_048,TIMEOUT,TIMEOUT,TIMEOUT,TIMEOUT,TIMEOUT,TIMEOUT,TIMEOUT,TIMEOUT,TIMEOUT,TIMEOUT,TIMEOUT,TIMEOUT,TIMEOUT,TIMEOUT,TIMEOUT,TIMEOUT,TIMEOUT,TIMEOUT,TIMEOUT,TIMEOUT,TIMEOUT
hidden_049,TIMEOUT,TIMEOUT,TIMEOUT,TIMEOUT,TIMEOUT,TIMEOUT,TIMEOUT,TIMEOUT,TIMEOUT,TIMEOUT,TIMEOUT,TIMEOUT,TIMEOUT,TIMEOUT,TIMEOUT,TIMEOUT,TIMEOUT,TIMEOUT,TIMEOUT,TIMEOUT,TIMEOUT
hidden_050,TIMEOUT,TIMEOUT,TIMEOUT,TIMEOUT,TIMEOUT,TIMEOUT,TIMEOUT,TIMEOUT,TIMEOUT,TIMEOUT,TIMEOUT,TIMEOUT,TIMEOUT,TIMEOUT,TIMEOUT,TIMEOUT,TIMEOUT,TIMEOUT,TIMEOUT,TIMEOUT,TIMEOUT
hidden_051,TIMEOUT,TIMEOUT,TIMEOUT,TIMEOUT,TIMEOUT,TIMEOUT,TIMEOUT,TIMEOUT,TIMEOUT,TIMEOUT,TIMEOUT,TIMEOUT,TIMEOUT,TIMEOUT,TIMEOUT,TIMEOUT,TIMEOUT,TIMEOUT,TIMEOUT,TIMEOUT,TIMEOUT
hidden_052,TIMEOUT,TIMEOUT,TIMEOUT,TIMEOUT,TIMEOUT,TIMEOUT,TIMEOUT,TIMEOUT,TIMEOUT,TIMEOUT,TIMEOUT,TIMEOUT,TIMEOUT,TIMEOUT,TIMEOUT,TIMEOUT,TIMEOUT,TIMEOUT,TIMEOUT,TIMEOUT,TIMEOUT
hidden_053,TIMEOUT,TIMEOUT,TIMEOUT,TIMEOUT,TIMEOUT,TIMEOUT,TIMEOUT,TIMEOUT,TIMEOUT,TIMEOUT,TIMEOUT,TIMEOUT,TIMEOUT,TIMEOUT,TIMEOUT,TIMEOUT,TIMEOUT,TIMEOUT,TIMEOUT,TIMEOUT,TIMEOUT
hidden_054,TIMEOUT,TIMEOUT,TIMEOUT,TIMEOUT,TIMEOUT,TIMEOUT,TIMEOUT,TIMEOUT,TIMEOUT,TIMEOUT,TIMEOUT,TIMEOUT,TIMEOUT,TIMEOUT,TIMEOUT,TIMEOUT,TIMEOUT,TIMEOUT,TIMEOUT,TIMEOUT,TIMEOUT
hidden_055,TIMEOUT,TIMEOUT,TIMEOUT,TIMEOUT,TIMEOUT,TIMEOUT,TIMEOUT,TIMEOUT,TIMEOUT,TIMEOUT,TIMEOUT,TIMEOUT,TIMEOUT,TIMEOUT,TIMEOUT,TIMEOUT,TIMEOUT,TIMEOUT,TIMEOUT,TIMEOUT,TIMEOUT
hidden_056,0:16.85,0:17.33,0:19.12,0:15.24,0:14.53,0:16.87,0:00.04,0:00.04,0:00.03,0:00.04,0:00.04,0:00.04,0:00.04,0:00.04,0:16.68,0:00.03,2:51.89,0:00.88,0:00.14,0:00.14,0:52.07
hidden_057,0:00.01,TIMEOUT,0:00.01,0:00.02,TIMEOUT,0:00.01,0:00.01,0:00.00,0:00.01,0:00.00,0:00.01,0:00.02,0:00.01,0:00.00,TIMEOUT,0:00.01,TIMEOUT,0:00.01,0:00.00,0:00.00,TIMEOUT
hidden_058,TIMEOUT,TIMEOUT,TIMEOUT,TIMEOUT,TIMEOUT,TIMEOUT,TIMEOUT,TIMEOUT,TIMEOUT,TIMEOUT,TIMEOUT,TIMEOUT,TIMEOUT,TIMEOUT,TIMEOUT,TIMEOUT,TIMEOUT,TIMEOUT,TIMEOUT,TIMEOUT,TIMEOUT
hidden_059,TIMEOUT,TIMEOUT,TIMEOUT,TIMEOUT,TIMEOUT,TIMEOUT,TIMEOUT,TIMEOUT,TIMEOUT,TIMEOUT,TIMEOUT,TIMEOUT,TIMEOUT,TIMEOUT,TIMEOUT,TIMEOUT,TIMEOUT,TIMEOUT,TIMEOUT,TIMEOUT,TIMEOUT
hidden_060,TIMEOUT,TIMEOUT,TIMEOUT,TIMEOUT,TIMEOUT,TIMEOUT,TIMEOUT,TIMEOUT,TIMEOUT,TIMEOUT,TIMEOUT,TIMEOUT,TIMEOUT,TIMEOUT,TIMEOUT,TIMEOUT,TIMEOUT,TIMEOUT,TIMEOUT,TIMEOUT,TIMEOUT
hidden_061,TIMEOUT,TIMEOUT,TIMEOUT,TIMEOUT,TIMEOUT,TIMEOUT,TIMEOUT,TIMEOUT,TIMEOUT,TIMEOUT,TIMEOUT,TIMEOUT,TIMEOUT,TIMEOUT,TIMEOUT,TIMEOUT,TIMEOUT,TIMEOUT,TIMEOUT,TIMEOUT,TIMEOUT
hidden_062,TIMEOUT,TIMEOUT,TIMEOUT,TIMEOUT,TIMEOUT,TIMEOUT,TIMEOUT,TIMEOUT,TIMEOUT,TIMEOUT,TIMEOUT,TIMEOUT,TIMEOUT,TIMEOUT,TIMEOUT,TIMEOUT,TIMEOUT,TIMEOUT,TIMEOUT,TIMEOUT,TIMEOUT
hidden_063,TIMEOUT,TIMEOUT,TIMEOUT,TIMEOUT,TIMEOUT,TIMEOUT,TIMEOUT,TIMEOUT,TIMEOUT,TIMEOUT,TIMEOUT,TIMEOUT,TIMEOUT,TIMEOUT,TIMEOUT,TIMEOUT,TIMEOUT,TIMEOUT,TIMEOUT,TIMEOUT,TIMEOUT
hidden_064,TIMEOUT,TIMEOUT,TIMEOUT,TIMEOUT,TIMEOUT,TIMEOUT,24:04.96,TIMEOUT,0:28.73,16:43.89,TIMEOUT,0:42.28,TIMEOUT,TIMEOUT,TIMEOUT,0:29.22,TIMEOUT,TIMEOUT,TIMEOUT,TIMEOUT,TIMEOUT
hidden_065,0:09.28,0:26.99,0:27.47,0:14.30,0:48.45,0:49.89,0:00.17,0:00.62,0:00.11,0:00.12,0:00.68,0:00.13,0:00.68,0:00.69,0:09.19,0:00.10,1:04.26,0:09.02,0:01.26,0:01.27,0:20.89
hidden_066,TIMEOUT,TIMEOUT,TIMEOUT,TIMEOUT,TIMEOUT,TIMEOUT,TIMEOUT,TIMEOUT,9:47.75,TIMEOUT,TIMEOUT,13:08.54,TIMEOUT,TIMEOUT,TIMEOUT,9:53.49,TIMEOUT,TIMEOUT,TIMEOUT,TIMEOUT,TIMEOUT
hidden_067,TIMEOUT,TIMEOUT,TIMEOUT,TIMEOUT,TIMEOUT,TIMEOUT,TIMEOUT,TIMEOUT,TIMEOUT,TIMEOUT,TIMEOUT,TIMEOUT,TIMEOUT,TIMEOUT,TIMEOUT,TIMEOUT,TIMEOUT,TIMEOUT,TIMEOUT,TIMEOUT,TIMEOUT
hidden_068,5:47.59,27:01.64,28:18.11,4:57.18,24:19.36,25:14.83,0:04.19,0:10.65,0:01.54,0:03.99,0:10.92,0:01.57,0:10.69,0:10.98,5:30.49,0:01.56,TIMEOUT,4:27.61,0:37.57,0:37.64,TIMEOUT
hidden_069,TIMEOUT,TIMEOUT,TIMEOUT,TIMEOUT,TIMEOUT,TIMEOUT,TIMEOUT,TIMEOUT,TIMEOUT,TIMEOUT,TIMEOUT,TIMEOUT,TIMEOUT,TIMEOUT,TIMEOUT,TIMEOUT,TIMEOUT,TIMEOUT,TIMEOUT,TIMEOUT,TIMEOUT
hidden_070,TIMEOUT,TIMEOUT,TIMEOUT,TIMEOUT,TIMEOUT,TIMEOUT,TIMEOUT,TIMEOUT,TIMEOUT,TIMEOUT,TIMEOUT,TIMEOUT,TIMEOUT,TIMEOUT,TIMEOUT,TIMEOUT,TIMEOUT,TIMEOUT,TIMEOUT,TIMEOUT,TIMEOUT
hidden_071,TIMEOUT,TIMEOUT,TIMEOUT,TIMEOUT,TIMEOUT,TIMEOUT,TIMEOUT,5:14.11,TIMEOUT,TIMEOUT,5:20.06,TIMEOUT,5:21.94,5:17.64,TIMEOUT,TIMEOUT,TIMEOUT,TIMEOUT,20:33.39,20:04.79,TIMEOUT
hidden_072,0:00.01,13:13.75,0:00.02,0:00.02,11:02.46,0:00.00,0:00.01,0:00.01,0:00.00,0:00.01,0:00.00,0:00.01,0:00.01,0:00.01,14:36.43,0:00.00,TIMEOUT,0:00.00,0:00.00,0:00.00,22:16.00
hidden_073,0:00.01,TIMEOUT,0:00.01,0:00.01,TIMEOUT,0:00.00,0:00.01,0:00.01,0:00.00,0:00.01,0:00.00,0:00.01,0:00.01,0:00.00,TIMEOUT,0:00.01,TIMEOUT,0:00.00,0:00.00,0:00.00,TIMEOUT
hidden_074,0:00.01,TIMEOUT,0:00.01,0:00.01,TIMEOUT,0:00.00,0:00.01,0:00.01,0:00.00,0:00.00,0:00.00,0:00.01,0:00.00,0:00.01,TIMEOUT,0:00.01,TIMEOUT,0:00.00,0:00.01,0:00.00,TIMEOUT
hidden_075,0:00.01,TIMEOUT,0:00.01,0:00.01,TIMEOUT,0:00.00,0:00.01,0:00.01,0:00.00,0:00.01,0:00.00,0:00.01,0:00.00,0:00.01,TIMEOUT,0:00.01,TIMEOUT,0:00.00,0:00.00,0:00.00,TIMEOUT
hidden_076,0:00.08,TIMEOUT,0:00.07,0:00.06,TIMEOUT,0:00.05,0:00.01,0:00.01,0:00.01,0:00.01,0:00.01,0:00.20,0:00.01,0:00.02,TIMEOUT,0:00.01,TIMEOUT,0:00.01,0:00.01,0:00.01,TIMEOUT
hidden_077,TIMEOUT,TIMEOUT,TIMEOUT,TIMEOUT,TIMEOUT,TIMEOUT,0:00.02,0:00.02,0:00.02,0:00.03,0:00.03,0:00.02,0:00.03,0:00.04,TIMEOUT,0:00.02,TIMEOUT,0:00.39,0:00.07,0:00.08,TIMEOUT
hidden_078,TIMEOUT,TIMEOUT,TIMEOUT,TIMEOUT,TIMEOUT,TIMEOUT,TIMEOUT,TIMEOUT,TIMEOUT,TIMEOUT,TIMEOUT,TIMEOUT,TIMEOUT,TIMEOUT,TIMEOUT,TIMEOUT,TIMEOUT,TIMEOUT,TIMEOUT,TIMEOUT,TIMEOUT
hidden_079,TIMEOUT,TIMEOUT,TIMEOUT,TIMEOUT,TIMEOUT,TIMEOUT,TIMEOUT,0:34.31,TIMEOUT,TIMEOUT,0:33.47,TIMEOUT,0:34.37,0:34.18,TIMEOUT,TIMEOUT,TIMEOUT,TIMEOUT,0:50.20,0:51.50,TIMEOUT
hidden_080,TIMEOUT,TIMEOUT,TIMEOUT,TIMEOUT,TIMEOUT,TIMEOUT,TIMEOUT,5:22.40,TIMEOUT,TIMEOUT,5:12.43,TIMEOUT,5:21.97,5:18.67,TIMEOUT,TIMEOUT,TIMEOUT,TIMEOUT,20:02.81,20:34.25,TIMEOUT
hidden_081,TIMEOUT,TIMEOUT,TIMEOUT,TIMEOUT,TIMEOUT,TIMEOUT,TIMEOUT,TIMEOUT,TIMEOUT,TIMEOUT,TIMEOUT,TIMEOUT,TIMEOUT,TIMEOUT,TIMEOUT,TIMEOUT,TIMEOUT,TIMEOUT,TIMEOUT,TIMEOUT,TIMEOUT
hidden_082,TIMEOUT,TIMEOUT,TIMEOUT,TIMEOUT,TIMEOUT,TIMEOUT,TIMEOUT,TIMEOUT,TIMEOUT,TIMEOUT,TIMEOUT,TIMEOUT,TIMEOUT,TIMEOUT,TIMEOUT,TIMEOUT,TIMEOUT,TIMEOUT,TIMEOUT,TIMEOUT,TIMEOUT
hidden_083,0:01.60,0:00.94,0:01.06,0:01.51,0:01.63,0:01.68,0:00.27,0:00.12,0:00.20,0:00.26,0:00.10,0:00.20,0:00.12,0:00.11,0:01.52,0:00.19,0:09.68,0:02.55,0:00.58,0:00.58,0:02.94
hidden_084,0:00.01,0:00.00,0:00.01,0:00.02,0:00.01,0:00.00,0:00.01,0:00.00,0:00.01,0:00.00,0:00.00,0:00.01,0:00.01,0:00.00,0:00.01,0:00.00,0:00.01,0:00.00,0:00.00,0:00.00,0:00.00
hidden_085,0:00.07,0:00.02,0:00.01,0:00.01,0:00.03,0:00.01,0:00.01,0:00.00,0:00.00,0:00.00,0:00.00,0:00.01,0:00.00,0:00.00,0:00.01,0:00.00,0:00.02,0:00.00,0:00.01,0:00.00,0:00.01
hidden_086,0:00.14,0:00.17,0:00.18,0:00.12,0:00.14,0:00.15,0:00.02,0:00.03,0:00.25,0:00.02,0:00.02,0:00.02,0:00.04,0:00.03,0:00.13,0:00.01,0:01.32,0:00.40,0:00.07,0:00.06,0:00.37
hidden_087,TIMEOUT,TIMEOUT,TIMEOUT,TIMEOUT,TIMEOUT,TIMEOUT,TIMEOUT,TIMEOUT,TIMEOUT,TIMEOUT,TIMEOUT,TIMEOUT,TIMEOUT,TIMEOUT,TIMEOUT,TIMEOUT,TIMEOUT,TIMEOUT,TIMEOUT,TIMEOUT,TIMEOUT
hidden_088,10:36.64,TIMEOUT,TIMEOUT,TIMEOUT,TIMEOUT,TIMEOUT,2:45.55,3:29.27,0:53.44,2:01.53,3:29.46,0:53.47,3:28.74,3:34.80,9:30.86,0:53.32,TIMEOUT,TIMEOUT,12:58.95,13:00.76,TIMEOUT
hidden_089,TIMEOUT,TIMEOUT,TIMEOUT,TIMEOUT,TIMEOUT,TIMEOUT,TIMEOUT,TIMEOUT,TIMEOUT,TIMEOUT,TIMEOUT,TIMEOUT,TIMEOUT,TIMEOUT,TIMEOUT,TIMEOUT,TIMEOUT,TIMEOUT,TIMEOUT,TIMEOUT,TIMEOUT
hidden_090,TIMEOUT,TIMEOUT,TIMEOUT,TIMEOUT,TIMEOUT,TIMEOUT,TIMEOUT,TIMEOUT,TIMEOUT,TIMEOUT,TIMEOUT,TIMEOUT,TIMEOUT,TIMEOUT,TIMEOUT,TIMEOUT,TIMEOUT,TIMEOUT,TIMEOUT,TIMEOUT,TIMEOUT
hidden_091,TIMEOUT,TIMEOUT,TIMEOUT,TIMEOUT,TIMEOUT,TIMEOUT,TIMEOUT,TIMEOUT,TIMEOUT,TIMEOUT,TIMEOUT,TIMEOUT,TIMEOUT,TIMEOUT,TIMEOUT,TIMEOUT,TIMEOUT,TIMEOUT,TIMEOUT,TIMEOUT,TIMEOUT
hidden_092,TIMEOUT,TIMEOUT,TIMEOUT,TIMEOUT,TIMEOUT,TIMEOUT,TIMEOUT,TIMEOUT,TIMEOUT,TIMEOUT,TIMEOUT,TIMEOUT,TIMEOUT,TIMEOUT,TIMEOUT,TIMEOUT,TIMEOUT,TIMEOUT,TIMEOUT,TIMEOUT,TIMEOUT
hidden_093,TIMEOUT,TIMEOUT,TIMEOUT,TIMEOUT,TIMEOUT,TIMEOUT,TIMEOUT,TIMEOUT,TIMEOUT,TIMEOUT,TIMEOUT,TIMEOUT,TIMEOUT,TIMEOUT,TIMEOUT,TIMEOUT,TIMEOUT,TIMEOUT,TIMEOUT,TIMEOUT,TIMEOUT
hidden_094,TIMEOUT,TIMEOUT,TIMEOUT,TIMEOUT,TIMEOUT,TIMEOUT,TIMEOUT,TIMEOUT,TIMEOUT,TIMEOUT,TIMEOUT,TIMEOUT,TIMEOUT,TIMEOUT,TIMEOUT,TIMEOUT,TIMEOUT,TIMEOUT,TIMEOUT,TIMEOUT,TIMEOUT
hidden_095,TIMEOUT,TIMEOUT,TIMEOUT,TIMEOUT,TIMEOUT,TIMEOUT,TIMEOUT,TIMEOUT,TIMEOUT,TIMEOUT,TIMEOUT,TIMEOUT,TIMEOUT,TIMEOUT,TIMEOUT,TIMEOUT,TIMEOUT,TIMEOUT,TIMEOUT,TIMEOUT,TIMEOUT
hidden_096,TIMEOUT,TIMEOUT,TIMEOUT,TIMEOUT,TIMEOUT,TIMEOUT,TIMEOUT,TIMEOUT,TIMEOUT,TIMEOUT,TIMEOUT,TIMEOUT,TIMEOUT,TIMEOUT,TIMEOUT,TIMEOUT,TIMEOUT,TIMEOUT,TIMEOUT,TIMEOUT,TIMEOUT
hidden_097,TIMEOUT,TIMEOUT,TIMEOUT,TIMEOUT,TIMEOUT,TIMEOUT,TIMEOUT,TIMEOUT,TIMEOUT,TIMEOUT,TIMEOUT,TIMEOUT,TIMEOUT,TIMEOUT,TIMEOUT,TIMEOUT,TIMEOUT,TIMEOUT,TIMEOUT,TIMEOUT,TIMEOUT
hidden_098,TIMEOUT,TIMEOUT,TIMEOUT,TIMEOUT,TIMEOUT,TIMEOUT,TIMEOUT,TIMEOUT,TIMEOUT,TIMEOUT,TIMEOUT,TIMEOUT,TIMEOUT,TIMEOUT,TIMEOUT,TIMEOUT,TIMEOUT,TIMEOUT,TIMEOUT,TIMEOUT,TIMEOUT
hidden_099,0:00.66,0:00.83,0:00.90,0:00.60,0:00.81,0:00.80,0:00.02,0:00.01,0:00.01,0:00.02,0:00.01,0:00.01,0:00.01,0:00.01,0:00.60,0:00.02,0:08.22,0:00.04,0:00.02,0:00.02,0:02.61
hidden_100,TIMEOUT,TIMEOUT,TIMEOUT,TIMEOUT,TIMEOUT,TIMEOUT,TIMEOUT,TIMEOUT,TIMEOUT,TIMEOUT,TIMEOUT,TIMEOUT,TIMEOUT,TIMEOUT,TIMEOUT,TIMEOUT,TIMEOUT,TIMEOUT,TIMEOUT,TIMEOUT,TIMEOUT
hidden_101,TIMEOUT,TIMEOUT,TIMEOUT,TIMEOUT,TIMEOUT,TIMEOUT,TIMEOUT,TIMEOUT,TIMEOUT,TIMEOUT,TIMEOUT,TIMEOUT,TIMEOUT,TIMEOUT,TIMEOUT,TIMEOUT,TIMEOUT,TIMEOUT,TIMEOUT,TIMEOUT,TIMEOUT
hidden_102,TIMEOUT,TIMEOUT,TIMEOUT,TIMEOUT,TIMEOUT,TIMEOUT,TIMEOUT,TIMEOUT,TIMEOUT,TIMEOUT,TIMEOUT,TIMEOUT,TIMEOUT,TIMEOUT,TIMEOUT,TIMEOUT,TIMEOUT,TIMEOUT,TIMEOUT,TIMEOUT,TIMEOUT
hidden_103,TIMEOUT,TIMEOUT,TIMEOUT,TIMEOUT,TIMEOUT,TIMEOUT,TIMEOUT,TIMEOUT,TIMEOUT,TIMEOUT,TIMEOUT,TIMEOUT,TIMEOUT,TIMEOUT,TIMEOUT,TIMEOUT,TIMEOUT,TIMEOUT,TIMEOUT,TIMEOUT,TIMEOUT
hidden_104,TIMEOUT,TIMEOUT,TIMEOUT,TIMEOUT,TIMEOUT,TIMEOUT,TIMEOUT,TIMEOUT,TIMEOUT,TIMEOUT,TIMEOUT,TIMEOUT,TIMEOUT,TIMEOUT,TIMEOUT,TIMEOUT,TIMEOUT,TIMEOUT,TIMEOUT,TIMEOUT,TIMEOUT
hidden_105,TIMEOUT,TIMEOUT,TIMEOUT,TIMEOUT,TIMEOUT,TIMEOUT,TIMEOUT,TIMEOUT,TIMEOUT,TIMEOUT,TIMEOUT,TIMEOUT,TIMEOUT,TIMEOUT,TIMEOUT,TIMEOUT,TIMEOUT,TIMEOUT,TIMEOUT,TIMEOUT,TIMEOUT
hidden_106,0:05.59,0:14.68,0:15.40,0:05.01,0:14.25,0:14.81,0:00.24,0:00.96,0:00.19,0:00.24,0:00.97,0:00.18,0:00.96,0:00.98,0:05.42,0:00.18,1:51.34,0:35.26,0:05.52,0:05.52,0:34.66
hidden_107,0:00.05,0:00.05,0:00.04,0:00.04,0:00.06,0:00.05,0:00.05,0:00.04,0:00.04,0:00.04,0:00.03,0:00.06,0:00.05,0:00.03,0:00.04,0:00.05,0:00.03,0:00.04,0:00.05,0:00.04,0:00.04
hidden_108,0:00.07,0:00.08,0:00.06,0:00.08,0:00.08,0:00.07,0:00.07,0:00.07,0:00.06,0:00.06,0:00.05,0:00.08,0:00.07,0:00.06,0:00.07,0:00.07,0:00.06,0:00.08,0:00.06,0:00.06,0:00.06
hidden_109,TIMEOUT,TIMEOUT,TIMEOUT,TIMEOUT,TIMEOUT,TIMEOUT,3:26.86,21:39.57,3:14.05,3:28.26,22:13.29,3:15.32,21:36.48,22:16.21,TIMEOUT,3:14.87,TIMEOUT,TIMEOUT,TIMEOUT,TIMEOUT,TIMEOUT
hidden_110,TIMEOUT,TIMEOUT,TIMEOUT,TIMEOUT,TIMEOUT,TIMEOUT,TIMEOUT,TIMEOUT,TIMEOUT,TIMEOUT,TIMEOUT,TIMEOUT,TIMEOUT,TIMEOUT,TIMEOUT,TIMEOUT,TIMEOUT,TIMEOUT,TIMEOUT,TIMEOUT,TIMEOUT
hidden_111,0:00.01,0:00.02,0:00.01,0:00.01,0:00.01,0:00.00,0:00.00,0:00.00,0:00.01,0:00.00,0:00.00,0:00.01,0:00.01,0:00.00,0:00.01,0:00.01,0:00.01,0:00.01,0:00.00,0:00.00,0:00.00
hidden_112,0:00.01,0:00.03,0:00.01,0:00.01,0:00.01,0:00.00,0:00.01,0:00.00,0:00.00,0:00.00,0:00.00,0:00.01,0:00.02,0:00.00,0:00.01,0:00.01,0:00.00,0:00.00,0:00.00,0:00.01,0:00.00
hidden_113,0:00.01,0:00.01,0:00.00,0:00.00,0:00.00,0:00.00,0:00.00,0:00.00,0:00.00,0:00.00,0:00.00,0:00.01,0:00.00,0:00.00,0:00.01,0:00.00,0:00.00,0:00.01,0:00.01,0:00.00,0:00.00
hidden_114,0:00.01,0:00.02,0:00.01,0:00.01,0:00.01,0:00.00,0:00.01,0:00.00,0:00.00,0:00.00,0:00.00,0:00.01,0:00.00,0:00.00,0:00.31,0:00.01,0:00.00,0:00.01,0:00.00,0:00.00,0:00.00
hidden_115,0:00.01,0:00.02,0:00.01,0:00.00,0:00.01,0:00.00,0:00.00,0:00.01,0:00.00,0:00.00,0:00.00,0:00.01,0:00.02,0:00.00,0:00.01,0:00.00,0:00.00,0:00.01,0:00.00,0:00.00,0:00.00
hidden_116,0:00.01,0:00.02,0:00.01,0:00.01,0:00.02,0:00.00,0:00.00,0:00.01,0:00.00,0:00.00,0:00.00,0:00.01,0:00.01,0:00.00,0:00.01,0:00.01,0:00.01,0:00.01,0:00.00,0:00.01,0:00.01
hidden_117,0:00.01,0:00.02,0:00.00,0:00.00,0:00.00,0:00.00,0:00.01,0:00.00,0:00.00,0:00.00,0:00.00,0:00.01,0:00.00,0:00.00,0:00.23,0:00.00,0:00.00,0:00.01,0:00.00,0:00.00,0:00.00
hidden_118,0:00.02,0:00.11,0:00.08,0:00.04,0:00.27,0:00.16,0:00.01,0:00.01,0:00.01,0:00.01,0:00.01,0:00.01,0:00.01,0:00.01,0:00.07,0:00.01,0:00.38,0:00.02,0:00.01,0:00.02,0:00.16
hidden_119,0:00.01,0:00.01,0:00.01,0:00.01,0:00.04,0:00.00,0:00.01,0:00.00,0:00.00,0:00.00,0:00.00,0:00.01,0:00.01,0:00.00,0:00.01,0:00.00,0:00.00,0:00.01,0:00.00,0:00.00,0:00.00
hidden_120,0:00.01,0:00.00,0:00.01,0:00.01,0:00.01,0:00.00,0:00.00,0:00.01,0:00.00,0:00.00,0:00.00,0:00.01,0:00.00,0:00.00,0:00.01,0:00.14,0:00.00,0:00.01,0:00.00,0:00.00,0:00.00
hidden_121,0:00.00,0:00.01,0:00.00,0:00.01,0:00.00,0:00.00,0:00.01,0:00.00,0:00.00,0:00.00,0:00.00,0:00.01,0:00.00,0:00.00,0:00.00,0:00.00,0:00.00,0:00.00,0:00.00,0:00.00,0:00.00
hidden_122,0:00.01,0:00.01,0:00.01,0:00.01,0:00.01,0:00.00,0:00.00,0:00.01,0:00.00,0:00.00,0:00.00,0:00.01,0:00.00,0:00.00,0:00.01,0:00.01,0:00.01,0:00.00,0:00.14,0:00.00,0:00.00
hidden_123,0:00.01,0:00.01,0:00.01,0:00.01,0:00.01,0:00.00,0:00.01,0:00.00,0:00.00,0:00.00,0:00.00,0:00.00,0:00.01,0:00.01,0:00.01,0:00.00,0:00.00,0:00.01,0:00.00,0:00.00,0:00.00
hidden_124,0:00.01,0:00.00,0:00.01,0:00.00,0:00.00,0:00.00,0:00.01,0:00.00,0:00.00,0:00.00,0:00.00,0:00.01,0:00.00,0:00.00,0:00.00,0:00.01,0:00.00,0:00.00,0:00.00,0:00.00,0:00.00
hidden_125,0:00.07,0:00.00,0:00.01,0:00.30,0:00.02,0:00.00,0:00.00,0:00.01,0:00.00,0:00.00,0:00.00,0:00.01,0:00.00,0:00.00,0:00.01,0:00.01,0:00.01,0:00.00,0:00.01,0:00.00,0:00.00
hidden_126,0:00.35,0:00.01,0:00.01,0:00.01,0:00.01,0:00.00,0:00.01,0:00.00,0:00.01,0:00.00,0:00.00,0:00.01,0:00.00,0:00.00,0:00.01,0:00.02,0:00.00,0:00.00,0:00.01,0:00.00,0:00.00
hidden_127,0:00.04,0:00.01,0:00.01,0:00.01,0:00.01,0:00.00,0:00.01,0:00.00,0:00.00,0:00.00,0:00.00,0:00.00,0:00.01,0:00.00,0:00.01,0:00.00,0:00.00,0:00.01,0:00.00,0:00.00,0:00.00
hidden_128,0:00.02,0:00.02,0:00.02,0:00.33,0:00.47,0:00.43,0:00.02,0:00.01,0:00.02,0:00.02,0:00.02,0:00.02,0:00.02,0:00.02,0:00.02,0:00.02,0:00.07,0:00.06,0:00.04,0:00.04,0:00.04
hidden_129,0:00.04,0:00.03,0:00.03,0:00.03,0:00.04,0:00.02,0:00.03,0:00.02,0:00.02,0:00.02,0:00.02,0:00.03,0:00.03,0:00.02,0:00.20,0:00.03,0:00.02,0:00.02,0:00.02,0:00.02,0:00.02
hidden_130,0:00.03,0:00.03,0:00.04,0:01.24,0:01.22,0:01.24,0:00.04,0:00.03,0:00.02,0:00.03,0:00.03,0:00.04,0:00.03,0:00.03,0:00.24,0:00.03,0:00.03,0:00.02,0:00.03,0:00.02,0:00.03
public_001,TIMEOUT,TIMEOUT,TIMEOUT,TIMEOUT,TIMEOUT,TIMEOUT,0:00.45,TIMEOUT,0:00.44,0:00.46,TIMEOUT,0:00.49,TIMEOUT,TIMEOUT,TIMEOUT,0:00.45,19:12.85,12:36.19,1:37.58,1:37.27,2:06.28
public_002,0:00.01,0:00.01,0:00.02,0:00.01,0:00.02,0:00.01,0:00.05,0:00.01,0:00.00,0:00.01,0:00.01,0:00.02,0:00.04,0:00.01,0:00.01,0:00.01,0:00.01,0:00.01,0:00.01,0:00.01,0:00.01
public_003,0:00.01,0:00.02,0:00.00,0:00.01,0:00.01,0:00.01,0:00.49,0:00.00,0:00.00,0:00.00,0:00.01,0:00.02,0:00.03,0:00.00,0:00.00,0:00.01,0:00.01,0:00.00,0:00.01,0:00.00,0:00.00
public_004,TIMEOUT,TIMEOUT,TIMEOUT,TIMEOUT,TIMEOUT,TIMEOUT,TIMEOUT,TIMEOUT,TIMEOUT,TIMEOUT,TIMEOUT,TIMEOUT,TIMEOUT,TIMEOUT,TIMEOUT,TIMEOUT,TIMEOUT,TIMEOUT,TIMEOUT,TIMEOUT,TIMEOUT
public_005,0:00.14,0:00.16,0:00.17,0:00.12,0:00.14,0:00.14,0:00.04,0:00.03,0:00.02,0:00.02,0:00.03,0:00.04,0:00.03,0:00.03,0:00.14,0:00.02,0:01.25,0:00.39,0:00.06,0:00.07,0:00.35
public_006,0:00.02,0:00.03,0:00.03,0:00.03,0:00.02,0:00.02,0:00.01,0:00.00,0:00.00,0:00.00,0:00.00,0:00.02,0:00.03,0:00.01,0:00.02,0:00.20,0:00.05,0:00.02,0:00.02,0:00.01,0:00.03
public_007,0:00.01,0:00.01,0:00.01,0:00.01,0:00.01,0:00.01,0:00.12,0:00.00,0:00.01,0:00.00,0:00.00,0:00.03,0:00.04,0:00.00,0:00.01,0:00.00,0:00.05,0:00.04,0:00.02,0:00.02,0:00.02
public_008,TIMEOUT,TIMEOUT,TIMEOUT,TIMEOUT,TIMEOUT,TIMEOUT,TIMEOUT,TIMEOUT,TIMEOUT,TIMEOUT,TIMEOUT,TIMEOUT,TIMEOUT,TIMEOUT,TIMEOUT,TIMEOUT,TIMEOUT,TIMEOUT,TIMEOUT,TIMEOUT,TIMEOUT
public_009,0:00.13,0:00.12,0:00.13,0:00.12,0:00.10,0:00.11,0:00.01,0:00.01,0:00.01,0:00.01,0:00.02,0:00.02,0:00.04,0:00.01,0:00.13,0:00.01,0:00.61,0:00.08,0:00.03,0:00.03,0:00.23
public_010,TIMEOUT,TIMEOUT,TIMEOUT,TIMEOUT,TIMEOUT,TIMEOUT,TIMEOUT,TIMEOUT,TIMEOUT,TIMEOUT,TIMEOUT,TIMEOUT,TIMEOUT,TIMEOUT,TIMEOUT,TIMEOUT,TIMEOUT,TIMEOUT,TIMEOUT,TIMEOUT,TIMEOUT
public_011,0:12.68,0:15.15,0:15.71,0:11.01,0:12.86,0:13.48,0:00.09,0:00.24,0:00.07,0:00.08,0:00.24,0:00.09,0:00.28,0:00.25,0:12.33,0:00.07,0:55.31,0:09.11,0:00.65,0:00.65,0:27.76
public_012,0:00.01,TIMEOUT,0:00.01,0:00.02,TIMEOUT,0:00.02,0:00.01,0:00.00,0:00.01,0:00.00,0:00.02,0:00.01,0:00.02,0:00.00,TIMEOUT,0:00.00,TIMEOUT,0:00.00,0:00.00,0:00.00,TIMEOUT
public_013,0:00.03,TIMEOUT,0:00.03,0:00.03,TIMEOUT,0:00.05,0:00.02,0:00.01,0:00.00,0:00.00,0:00.01,0:00.01,0:00.01,0:00.01,TIMEOUT,0:00.01,TIMEOUT,0:00.00,0:00.01,0:00.00,TIMEOUT
public_014,25:28.72,7:44.46,7:27.31,23:18.92,6:24.17,6:40.16,3:12.59,0:04.21,0:09.17,3:02.55,0:04.19,0:09.34,0:04.21,0:04.45,26:09.30,0:12.74,0:37.49,0:37.32,0:08.42,0:08.42,0:35.46
public_015,0:00.01,0:00.01,0:00.01,0:00.01,0:00.00,0:00.01,0:00.01,0:00.00,0:00.00,0:00.00,0:00.01,0:00.02,0:00.00,0:00.00,0:00.00,0:00.00,0:00.01,0:00.01,0:00.01,0:00.00,0:00.00
public_016,TIMEOUT,TIMEOUT,TIMEOUT,TIMEOUT,TIMEOUT,TIMEOUT,TIMEOUT,TIMEOUT,TIMEOUT,TIMEOUT,TIMEOUT,TIMEOUT,TIMEOUT,TIMEOUT,TIMEOUT,TIMEOUT,TIMEOUT,TIMEOUT,TIMEOUT,TIMEOUT,TIMEOUT
public_017,0:42.56,0:44.57,0:46.14,0:36.73,0:37.82,0:39.42,0:00.43,0:00.74,0:00.33,0:00.43,0:00.74,0:00.34,0:00.75,0:00.75,0:41.92,0:00.34,2:59.18,0:27.90,0:02.00,0:02.01,1:18.38
public_018,TIMEOUT,4:41.16,4:51.77,TIMEOUT,3:58.76,4:09.42,0:00.14,0:00.22,0:00.24,0:00.13,0:00.22,0:00.24,0:00.22,0:00.23,TIMEOUT,0:00.23,0:00.71,0:00.71,0:00.47,0:00.48,0:00.48
public_019,0:00.01,0:00.02,0:00.02,0:00.01,0:00.02,0:00.02,0:00.03,0:00.02,0:00.02,0:00.02,0:00.02,0:00.03,0:00.02,0:00.02,0:00.02,0:00.02,0:00.02,0:00.01,0:00.02,0:00.02,0:00.02
public_020,0:00.01,0:00.00,0:00.01,0:00.01,0:00.00,0:00.00,0:00.00,0:00.01,0:00.00,0:00.00,0:00.01,0:00.01,0:00.00,0:00.00,0:00.00,0:00.00,0:00.00,0:00.00,0:00.00,0:00.00,0:00.00
public_021,TIMEOUT,TIMEOUT,TIMEOUT,TIMEOUT,TIMEOUT,TIMEOUT,TIMEOUT,TIMEOUT,TIMEOUT,TIMEOUT,TIMEOUT,TIMEOUT,TIMEOUT,TIMEOUT,TIMEOUT,TIMEOUT,TIMEOUT,TIMEOUT,TIMEOUT,TIMEOUT,TIMEOUT
public_022,TIMEOUT,TIMEOUT,TIMEOUT,TIMEOUT,TIMEOUT,TIMEOUT,TIMEOUT,TIMEOUT,TIMEOUT,TIMEOUT,TIMEOUT,TIMEOUT,TIMEOUT,TIMEOUT,TIMEOUT,TIMEOUT,TIMEOUT,TIMEOUT,TIMEOUT,TIMEOUT,TIMEOUT
public_023,TIMEOUT,TIMEOUT,TIMEOUT,TIMEOUT,TIMEOUT,TIMEOUT,TIMEOUT,TIMEOUT,TIMEOUT,TIMEOUT,TIMEOUT,TIMEOUT,TIMEOUT,TIMEOUT,TIMEOUT,TIMEOUT,20:28.88,19:21.59,15:01.60,14:44.86,15:35.90
public_024,0:00.00,0:00.01,0:00.01,0:00.01,0:00.01,0:00.01,0:00.01,0:00.01,0:00.01,0:00.00,0:00.01,0:00.01,0:00.01,0:00.01,0:00.01,0:00.01,0:00.07,0:00.07,0:00.02,0:00.03,0:00.03
public_025,TIMEOUT,TIMEOUT,TIMEOUT,TIMEOUT,TIMEOUT,TIMEOUT,TIMEOUT,TIMEOUT,TIMEOUT,TIMEOUT,TIMEOUT,TIMEOUT,TIMEOUT,TIMEOUT,TIMEOUT,TIMEOUT,TIMEOUT,TIMEOUT,TIMEOUT,TIMEOUT,TIMEOUT
public_026,TIMEOUT,TIMEOUT,TIMEOUT,TIMEOUT,TIMEOUT,TIMEOUT,0:00.01,0:00.02,0:00.01,0:00.01,0:00.01,0:00.01,0:00.01,0:00.02,TIMEOUT,0:00.00,TIMEOUT,0:00.15,0:00.13,0:00.13,TIMEOUT
public_027,0:00.01,TIMEOUT,0:00.01,0:00.01,TIMEOUT,0:00.01,0:00.00,0:00.01,0:00.00,0:00.00,0:00.01,0:00.02,0:00.01,0:00.01,TIMEOUT,0:00.00,TIMEOUT,0:00.00,0:00.00,0:00.00,TIMEOUT
public_028,0:00.01,0:00.02,0:00.01,0:00.01,0:00.01,0:00.00,0:00.00,0:00.01,0:00.00,0:00.00,0:00.01,0:00.23,0:00.01,0:00.00,0:00.00,0:00.00,0:00.01,0:00.00,0:00.00,0:00.00,0:00.01
public_029,TIMEOUT,TIMEOUT,TIMEOUT,TIMEOUT,TIMEOUT,TIMEOUT,0:00.21,0:00.17,0:00.21,0:00.21,0:00.17,0:00.21,0:00.17,0:00.17,TIMEOUT,0:00.20,TIMEOUT,0:04.07,0:00.45,0:00.44,TIMEOUT
public_030,0:00.01,0:00.02,0:00.01,0:00.01,0:00.02,0:00.01,0:00.01,0:00.01,0:00.01,0:00.00,0:00.01,0:00.00,0:00.00,0:00.00,0:00.01,0:00.00,0:00.06,0:00.05,0:00.02,0:00.02,0:00.02
public_031,0:00.01,0:00.03,0:00.01,0:00.01,0:00.01,0:00.00,0:00.00,0:00.01,0:00.00,0:00.00,0:00.01,0:00.01,0:00.00,0:00.01,0:00.00,0:00.00,0:00.01,0:00.00,0:00.01,0:00.01,0:00.00
public_032,TIMEOUT,TIMEOUT,TIMEOUT,TIMEOUT,TIMEOUT,TIMEOUT,5:01.85,TIMEOUT,0:49.25,1:26.02,TIMEOUT,0:48.15,TIMEOUT,TIMEOUT,TIMEOUT,0:49.76,TIMEOUT,TIMEOUT,TIMEOUT,TIMEOUT,TIMEOUT
public_033,0:00.15,TIMEOUT,0:00.15,0:00.14,TIMEOUT,0:00.14,0:00.01,0:00.03,0:00.01,0:00.02,0:00.02,0:00.01,0:00.01,0:00.02,TIMEOUT,0:00.02,TIMEOUT,0:00.01,0:00.01,0:00.02,TIMEOUT
public_034,TIMEOUT,TIMEOUT,TIMEOUT,TIMEOUT,TIMEOUT,TIMEOUT,1:12.44,27:31.92,0:44.66,1:12.10,27:28.99,0:44.16,27:31.35,28:25.33,TIMEOUT,0:45.64,TIMEOUT,TIMEOUT,TIMEOUT,TIMEOUT,TIMEOUT
public_035,TIMEOUT,TIMEOUT,TIMEOUT,TIMEOUT,TIMEOUT,TIMEOUT,9:25.82,2:42.30,0:28.41,3:07.22,2:25.03,0:28.30,2:25.69,2:30.54,TIMEOUT,0:29.22,TIMEOUT,TIMEOUT,6:16.81,6:17.34,TIMEOUT
public_036,TIMEOUT,TIMEOUT,TIMEOUT,TIMEOUT,TIMEOUT,TIMEOUT,TIMEOUT,TIMEOUT,TIMEOUT,TIMEOUT,TIMEOUT,TIMEOUT,TIMEOUT,TIMEOUT,TIMEOUT,TIMEOUT,TIMEOUT,TIMEOUT,TIMEOUT,TIMEOUT,TIMEOUT
public_037,0:03.71,0:29.55,0:29.86,0:03.43,0:27.41,0:27.91,0:02.58,0:11.22,0:03.49,0:03.79,0:11.30,0:03.79,0:11.58,0:11.77,0:03.64,0:03.48,0:24.50,0:26.46,0:24.27,0:24.69,0:25.33
public_038,TIMEOUT,TIMEOUT,TIMEOUT,TIMEOUT,TIMEOUT,TIMEOUT,TIMEOUT,TIMEOUT,TIMEOUT,TIMEOUT,TIMEOUT,TIMEOUT,TIMEOUT,TIMEOUT,TIMEOUT,TIMEOUT,TIMEOUT,TIMEOUT,TIMEOUT,TIMEOUT,TIMEOUT
public_039,TIMEOUT,TIMEOUT,TIMEOUT,TIMEOUT,TIMEOUT,TIMEOUT,TIMEOUT,TIMEOUT,TIMEOUT,TIMEOUT,TIMEOUT,TIMEOUT,TIMEOUT,TIMEOUT,TIMEOUT,TIMEOUT,TIMEOUT,TIMEOUT,TIMEOUT,TIMEOUT,TIMEOUT
public_040,TIMEOUT,TIMEOUT,TIMEOUT,TIMEOUT,TIMEOUT,TIMEOUT,TIMEOUT,TIMEOUT,TIMEOUT,TIMEOUT,TIMEOUT,TIMEOUT,TIMEOUT,TIMEOUT,TIMEOUT,TIMEOUT,TIMEOUT,TIMEOUT,TIMEOUT,TIMEOUT,TIMEOUT
public_041,0:00.13,0:00.17,0:00.16,0:00.15,0:13.02,0:00.23,0:00.13,0:00.15,0:00.13,0:00.13,0:00.14,0:00.16,0:00.14,0:00.19,0:00.17,0:00.16,0:00.18,0:00.15,0:00.14,0:00.14,0:00.17
public_042,0:00.00,0:00.01,0:00.01,0:00.01,0:00.11,0:00.00,0:00.00,0:00.00,0:00.00,0:00.00,0:00.01,0:00.02,0:00.00,0:00.01,0:00.01,0:00.01,0:00.00,0:00.00,0:00.00,0:00.00,0:00.00
public_043,TIMEOUT,TIMEOUT,TIMEOUT,TIMEOUT,TIMEOUT,TIMEOUT,TIMEOUT,5:52.82,TIMEOUT,TIMEOUT,5:50.98,TIMEOUT,5:51.48,6:08.20,TIMEOUT,TIMEOUT,TIMEOUT,TIMEOUT,24:26.10,24:25.03,TIMEOUT
public_044,0:00.09,0:00.08,0:00.09,0:00.08,0:00.07,0:00.07,0:00.01,0:00.02,0:00.01,0:00.01,0:00.02,0:00.03,0:00.02,0:00.01,0:00.09,0:00.01,0:00.35,0:00.11,0:00.03,0:00.03,0:00.14
public_045,0:00.06,0:00.07,0:00.06,0:00.07,0:00.07,0:00.07,0:00.06,0:00.07,0:00.06,0:00.06,0:00.07,0:00.07,0:00.08,0:00.07,0:00.06,0:00.07,0:00.06,0:00.05,0:00.07,0:00.06,0:00.07
public_046,0:00.60,0:00.59,0:00.64,0:00.53,0:00.51,0:00.56,0:00.04,0:00.07,0:00.05,0:00.04,0:00.07,0:00.05,0:00.08,0:00.09,0:00.52,0:00.04,0:03.87,0:01.02,0:00.18,0:00.18,0:01.13
public_047,TIMEOUT,TIMEOUT,TIMEOUT,TIMEOUT,TIMEOUT,TIMEOUT,0:00.01,0:00.01,0:00.00,0:00.01,0:00.01,0:00.01,0:00.01,0:00.00,TIMEOUT,0:00.00,TIMEOUT,0:00.06,0:00.04,0:00.04,TIMEOUT
public_048,TIMEOUT,TIMEOUT,TIMEOUT,TIMEOUT,TIMEOUT,TIMEOUT,TIMEOUT,TIMEOUT,TIMEOUT,TIMEOUT,TIMEOUT,TIMEOUT,TIMEOUT,TIMEOUT,TIMEOUT,TIMEOUT,TIMEOUT,TIMEOUT,TIMEOUT,TIMEOUT,TIMEOUT
public_049,0:00.05,0:00.34,0:00.29,0:00.07,0:00.56,0:00.36,0:00.02,0:00.04,0:00.02,0:00.01,0:00.05,0:00.03,0:00.05,0:00.06,0:00.26,0:00.02,0:02.55,0:00.97,0:00.29,0:00.28,0:01.26
public_050,0:00.01,0:00.00,0:00.01,0:00.00,0:00.00,0:00.00,0:00.00,0:00.00,0:00.00,0:00.00,0:00.00,0:00.00,0:00.00,0:00.00,0:00.00,0:00.00,0:00.00,0:00.01,0:00.00,0:00.00,0:00.00
public_051,9:53.75,5:55.06,6:25.18,8:41.16,4:56.21,5:40.36,0:43.54,0:13.28,0:43.29,0:47.41,0:13.39,0:43.63,0:13.31,0:13.71,9:34.08,0:43.41,TIMEOUT,5:01.34,0:29.83,0:29.94,10:52.25
public_052,TIMEOUT,TIMEOUT,TIMEOUT,TIMEOUT,TIMEOUT,TIMEOUT,TIMEOUT,TIMEOUT,TIMEOUT,TIMEOUT,TIMEOUT,TIMEOUT,TIMEOUT,TIMEOUT,TIMEOUT,TIMEOUT,TIMEOUT,TIMEOUT,TIMEOUT,TIMEOUT,TIMEOUT
public_053,TIMEOUT,TIMEOUT,TIMEOUT,TIMEOUT,TIMEOUT,TIMEOUT,TIMEOUT,TIMEOUT,TIMEOUT,TIMEOUT,TIMEOUT,TIMEOUT,TIMEOUT,TIMEOUT,TIMEOUT,TIMEOUT,TIMEOUT,TIMEOUT,TIMEOUT,TIMEOUT,TIMEOUT
public_054,TIMEOUT,TIMEOUT,TIMEOUT,TIMEOUT,TIMEOUT,TIMEOUT,TIMEOUT,TIMEOUT,TIMEOUT,TIMEOUT,TIMEOUT,TIMEOUT,TIMEOUT,TIMEOUT,TIMEOUT,TIMEOUT,TIMEOUT,TIMEOUT,TIMEOUT,TIMEOUT,TIMEOUT
public_055,TIMEOUT,TIMEOUT,TIMEOUT,TIMEOUT,TIMEOUT,TIMEOUT,TIMEOUT,TIMEOUT,TIMEOUT,TIMEOUT,TIMEOUT,TIMEOUT,TIMEOUT,TIMEOUT,TIMEOUT,TIMEOUT,TIMEOUT,TIMEOUT,TIMEOUT,TIMEOUT,TIMEOUT
public_056,TIMEOUT,TIMEOUT,TIMEOUT,TIMEOUT,TIMEOUT,TIMEOUT,TIMEOUT,TIMEOUT,TIMEOUT,TIMEOUT,TIMEOUT,TIMEOUT,TIMEOUT,TIMEOUT,TIMEOUT,TIMEOUT,TIMEOUT,TIMEOUT,TIMEOUT,TIMEOUT,TIMEOUT
public_057,2:07.83,0:00.30,0:00.31,2:00.02,0:00.26,0:00.25,0:00.10,0:00.05,0:00.09,0:00.09,0:00.06,0:00.09,0:00.06,0:00.06,2:07.96,0:00.09,0:00.06,0:00.06,0:00.07,0:00.06,0:00.06
public_058,TIMEOUT,TIMEOUT,TIMEOUT,TIMEOUT,TIMEOUT,TIMEOUT,TIMEOUT,TIMEOUT,TIMEOUT,TIMEOUT,TIMEOUT,TIMEOUT,TIMEOUT,TIMEOUT,TIMEOUT,TIMEOUT,TIMEOUT,TIMEOUT,TIMEOUT,TIMEOUT,TIMEOUT
public_059,0:00.03,0:00.03,0:00.03,0:00.02,0:00.03,0:00.02,0:00.04,0:00.01,0:00.01,0:00.02,0:00.01,0:00.01,0:00.01,0:00.01,0:00.03,0:00.01,0:00.08,0:00.07,0:00.02,0:00.02,0:00.04
public_060,TIMEOUT,TIMEOUT,TIMEOUT,TIMEOUT,TIMEOUT,TIMEOUT,0:00.02,0:00.02,0:00.02,0:00.02,0:00.01,0:00.02,0:00.02,0:00.02,TIMEOUT,0:00.02,TIMEOUT,0:00.36,0:00.05,0:00.05,TIMEOUT
public_061,TIMEOUT,TIMEOUT,TIMEOUT,TIMEOUT,TIMEOUT,TIMEOUT,TIMEOUT,TIMEOUT,TIMEOUT,TIMEOUT,TIMEOUT,TIMEOUT,TIMEOUT,TIMEOUT,TIMEOUT,TIMEOUT,TIMEOUT,TIMEOUT,TIMEOUT,TIMEOUT,TIMEOUT
public_062,0:00.00,0:00.01,0:00.01,0:00.01,0:00.01,0:00.01,0:00.01,0:00.01,0:00.00,0:00.00,0:00.01,0:00.01,0:00.01,0:00.01,0:00.01,0:00.01,0:00.01,0:00.01,0:00.00,0:00.01,0:00.00
public_063,TIMEOUT,TIMEOUT,TIMEOUT,TIMEOUT,TIMEOUT,TIMEOUT,TIMEOUT,TIMEOUT,TIMEOUT,TIMEOUT,TIMEOUT,TIMEOUT,TIMEOUT,TIMEOUT,TIMEOUT,TIMEOUT,TIMEOUT,TIMEOUT,TIMEOUT,TIMEOUT,TIMEOUT
public_064,TIMEOUT,TIMEOUT,TIMEOUT,TIMEOUT,TIMEOUT,TIMEOUT,TIMEOUT,TIMEOUT,TIMEOUT,TIMEOUT,TIMEOUT,TIMEOUT,TIMEOUT,TIMEOUT,TIMEOUT,TIMEOUT,TIMEOUT,TIMEOUT,TIMEOUT,TIMEOUT,TIMEOUT
public_065,0:00.01,0:00.01,0:00.00,0:00.01,0:00.10,0:00.00,0:00.00,0:00.00,0:00.00,0:00.00,0:00.00,0:00.01,0:00.00,0:00.00,0:00.05,0:00.02,0:00.00,0:00.00,0:00.01,0:00.00,0:00.00
public_066,TIMEOUT,TIMEOUT,TIMEOUT,TIMEOUT,TIMEOUT,TIMEOUT,2:07.53,0:25.73,2:06.58,2:10.81,0:25.74,2:06.30,0:26.42,0:26.49,TIMEOUT,2:05.83,TIMEOUT,TIMEOUT,1:17.32,1:15.58,TIMEOUT
public_067,TIMEOUT,TIMEOUT,TIMEOUT,TIMEOUT,TIMEOUT,TIMEOUT,0:06.46,0:14.95,0:04.09,0:06.55,0:15.33,0:04.18,0:14.97,0:15.51,TIMEOUT,0:04.12,TIMEOUT,11:44.17,0:39.60,0:39.73,TIMEOUT
public_068,TIMEOUT,TIMEOUT,TIMEOUT,TIMEOUT,TIMEOUT,TIMEOUT,TIMEOUT,TIMEOUT,TIMEOUT,TIMEOUT,TIMEOUT,TIMEOUT,TIMEOUT,TIMEOUT,TIMEOUT,TIMEOUT,TIMEOUT,TIMEOUT,TIMEOUT,TIMEOUT,TIMEOUT
public_069,1:37.68,8:26.01,8:37.85,1:30.47,7:45.88,8:12.51,0:00.54,0:00.81,0:00.19,0:00.51,0:02.18,0:00.26,0:02.17,0:02.25,1:42.77,0:00.21,11:57.76,0:29.94,0:02.68,0:02.70,4:48.95
public_070,0:00.00,0:00.02,0:00.01,0:00.01,0:00.01,0:00.00,0:00.00,0:00.00,0:00.00,0:00.00,0:00.01,0:00.00,0:00.00,0:00.01,0:00.00,0:00.01,0:00.00,0:00.00,0:00.00,0:00.00,0:00.00
public_071,TIMEOUT,TIMEOUT,TIMEOUT,TIMEOUT,TIMEOUT,TIMEOUT,TIMEOUT,TIMEOUT,TIMEOUT,TIMEOUT,TIMEOUT,TIMEOUT,TIMEOUT,TIMEOUT,TIMEOUT,TIMEOUT,TIMEOUT,TIMEOUT,TIMEOUT,TIMEOUT,TIMEOUT
public_072,0:00.00,0:00.01,0:00.01,0:00.01,0:00.00,0:00.01,0:00.00,0:00.02,0:00.00,0:00.00,0:00.01,0:00.00,0:00.00,0:00.01,0:00.01,0:00.00,0:00.00,0:00.00,0:00.00,0:00.00,0:00.00
public_073,TIMEOUT,TIMEOUT,TIMEOUT,TIMEOUT,TIMEOUT,TIMEOUT,25:46.57,TIMEOUT,0:27.55,17:55.10,TIMEOUT,0:40.90,TIMEOUT,TIMEOUT,TIMEOUT,0:27.32,TIMEOUT,TIMEOUT,TIMEOUT,TIMEOUT,TIMEOUT
public_074,TIMEOUT,TIMEOUT,TIMEOUT,TIMEOUT,TIMEOUT,TIMEOUT,TIMEOUT,TIMEOUT,TIMEOUT,TIMEOUT,TIMEOUT,TIMEOUT,TIMEOUT,TIMEOUT,TIMEOUT,TIMEOUT,TIMEOUT,TIMEOUT,TIMEOUT,TIMEOUT,TIMEOUT
public_075,TIMEOUT,TIMEOUT,TIMEOUT,TIMEOUT,TIMEOUT,TIMEOUT,TIMEOUT,TIMEOUT,TIMEOUT,TIMEOUT,TIMEOUT,TIMEOUT,TIMEOUT,TIMEOUT,TIMEOUT,TIMEOUT,TIMEOUT,TIMEOUT,TIMEOUT,TIMEOUT,TIMEOUT
public_076,1:19.25,3:25.46,3:43.10,1:59.70,6:19.99,6:40.04,0:04.77,0:08.58,0:04.71,0:04.87,0:08.68,0:04.82,0:08.90,0:09.35,1:15.42,0:04.82,25:18.81,2:43.75,0:32.52,0:32.61,7:55.19
public_077,0:00.01,0:00.01,0:00.01,0:00.01,0:00.02,0:00.01,0:00.01,0:00.00,0:00.00,0:00.01,0:00.00,0:00.01,0:00.00,0:00.00,0:00.02,0:00.00,0:00.03,0:00.02,0:00.01,0:00.00,0:00.01
public_078,TIMEOUT,TIMEOUT,TIMEOUT,TIMEOUT,TIMEOUT,TIMEOUT,TIMEOUT,TIMEOUT,TIMEOUT,TIMEOUT,TIMEOUT,TIMEOUT,TIMEOUT,TIMEOUT,TIMEOUT,TIMEOUT,TIMEOUT,TIMEOUT,TIMEOUT,TIMEOUT,TIMEOUT
public_079,TIMEOUT,TIMEOUT,TIMEOUT,TIMEOUT,TIMEOUT,TIMEOUT,TIMEOUT,TIMEOUT,TIMEOUT,TIMEOUT,TIMEOUT,TIMEOUT,TIMEOUT,TIMEOUT,TIMEOUT,TIMEOUT,TIMEOUT,TIMEOUT,TIMEOUT,TIMEOUT,TIMEOUT
public_080,TIMEOUT,TIMEOUT,TIMEOUT,TIMEOUT,TIMEOUT,TIMEOUT,8:41.53,TIMEOUT,0:26.57,5:01.53,TIMEOUT,0:26.56,TIMEOUT,TIMEOUT,TIMEOUT,0:26.26,TIMEOUT,TIMEOUT,TIMEOUT,TIMEOUT,TIMEOUT
public_081,TIMEOUT,TIMEOUT,TIMEOUT,TIMEOUT,TIMEOUT,TIMEOUT,TIMEOUT,TIMEOUT,TIMEOUT,TIMEOUT,TIMEOUT,TIMEOUT,TIMEOUT,TIMEOUT,TIMEOUT,TIMEOUT,TIMEOUT,TIMEOUT,TIMEOUT,TIMEOUT,TIMEOUT
public_082,TIMEOUT,TIMEOUT,TIMEOUT,TIMEOUT,TIMEOUT,TIMEOUT,TIMEOUT,TIMEOUT,TIMEOUT,TIMEOUT,TIMEOUT,TIMEOUT,TIMEOUT,TIMEOUT,TIMEOUT,TIMEOUT,TIMEOUT,TIMEOUT,TIMEOUT,TIMEOUT,TIMEOUT
public_083,0:00.01,0:00.02,0:00.00,0:00.01,0:00.01,0:00.00,0:00.01,0:00.01,0:00.00,0:00.00,0:00.01,0:00.01,0:00.00,0:00.01,0:00.00,0:00.00,0:00.00,0:00.00,0:00.01,0:00.00,0:00.00
public_084,5:23.99,TIMEOUT,5:15.97,5:23.18,TIMEOUT,5:25.15,5:21.41,5:24.62,5:18.81,5:16.92,5:18.85,5:19.52,TIMEOUT,5:16.80,TIMEOUT,TIMEOUT,TIMEOUT,TIMEOUT,TIMEOUT,5:38.17,TIMEOUT
public_085,0:00.01,0:00.02,0:00.01,0:00.04,0:00.09,0:00.04,0:00.02,0:00.01,0:00.01,0:00.01,0:00.01,0:00.02,0:00.01,0:00.01,0:00.01,0:00.02,0:00.02,0:00.01,0:00.01,0:00.01,0:00.01
public_086,3:49.91,4:06.60,4:19.84,3:23.09,3:32.07,3:40.36,0:00.24,0:00.91,0:00.22,0:00.25,0:00.97,0:00.22,0:00.97,0:01.00,3:33.01,0:00.22,12:30.11,0:35.90,0:02.57,0:02.58,7:56.78
public_087,TIMEOUT,TIMEOUT,TIMEOUT,TIMEOUT,TIMEOUT,TIMEOUT,27:18.84,TIMEOUT,5:27.04,20:46.75,TIMEOUT,5:25.96,TIMEOUT,TIMEOUT,TIMEOUT,5:28.64,TIMEOUT,TIMEOUT,TIMEOUT,TIMEOUT,TIMEOUT
public_088,TIMEOUT,TIMEOUT,TIMEOUT,TIMEOUT,TIMEOUT,TIMEOUT,TIMEOUT,TIMEOUT,TIMEOUT,TIMEOUT,TIMEOUT,TIMEOUT,TIMEOUT,TIMEOUT,TIMEOUT,TIMEOUT,TIMEOUT,TIMEOUT,TIMEOUT,TIMEOUT,TIMEOUT
public_089,TIMEOUT,TIMEOUT,TIMEOUT,TIMEOUT,TIMEOUT,TIMEOUT,TIMEOUT,TIMEOUT,TIMEOUT,TIMEOUT,TIMEOUT,TIMEOUT,TIMEOUT,TIMEOUT,TIMEOUT,TIMEOUT,TIMEOUT,TIMEOUT,TIMEOUT,TIMEOUT,TIMEOUT
public_090,TIMEOUT,TIMEOUT,TIMEOUT,TIMEOUT,TIMEOUT,TIMEOUT,TIMEOUT,TIMEOUT,TIMEOUT,TIMEOUT,TIMEOUT,TIMEOUT,TIMEOUT,TIMEOUT,TIMEOUT,TIMEOUT,TIMEOUT,TIMEOUT,TIMEOUT,TIMEOUT,TIMEOUT
public_091,0:00.03,0:00.02,0:00.02,0:04.65,0:05.50,0:06.33,0:00.01,0:00.01,0:00.01,0:00.01,0:00.01,0:00.01,0:00.01,0:00.01,0:00.02,0:00.01,0:00.06,0:00.02,0:00.02,0:00.02,0:00.03
public_092,0:31.59,0:09.86,0:12.19,0:27.36,0:07.98,0:10.44,0:00.00,0:00.01,0:00.00,0:00.00,0:00.00,0:00.01,0:00.00,0:00.00,0:27.80,0:00.00,0:28.64,0:00.01,0:00.01,0:00.01,0:20.86
public_093,TIMEOUT,TIMEOUT,TIMEOUT,TIMEOUT,TIMEOUT,TIMEOUT,TIMEOUT,TIMEOUT,TIMEOUT,TIMEOUT,TIMEOUT,TIMEOUT,TIMEOUT,TIMEOUT,TIMEOUT,TIMEOUT,TIMEOUT,TIMEOUT,TIMEOUT,TIMEOUT,TIMEOUT
public_094,TIMEOUT,TIMEOUT,TIMEOUT,TIMEOUT,TIMEOUT,TIMEOUT,TIMEOUT,TIMEOUT,TIMEOUT,TIMEOUT,TIMEOUT,TIMEOUT,TIMEOUT,TIMEOUT,TIMEOUT,TIMEOUT,TIMEOUT,TIMEOUT,TIMEOUT,TIMEOUT,TIMEOUT
public_095,0:00.00,0:00.03,0:00.01,0:00.01,0:00.00,0:00.00,0:00.00,0:00.01,0:00.00,0:00.00,0:00.00,0:00.08,0:00.01,0:00.17,0:00.02,0:00.01,0:00.00,0:00.00,0:00.00,0:00.00,0:00.00
public_096,0:00.00,0:00.01,0:00.01,0:00.02,0:00.01,0:00.00,0:00.22,0:00.01,0:00.00,0:00.00,0:00.01,0:00.00,0:00.00,0:00.01,0:00.01,0:00.00,0:00.00,0:00.00,0:00.01,0:00.00,0:00.00
public_097,TIMEOUT,TIMEOUT,TIMEOUT,TIMEOUT,TIMEOUT,TIMEOUT,TIMEOUT,TIMEOUT,TIMEOUT,TIMEOUT,TIMEOUT,TIMEOUT,TIMEOUT,TIMEOUT,TIMEOUT,TIMEOUT,TIMEOUT,TIMEOUT,TIMEOUT,TIMEOUT,TIMEOUT
public_098,0:00.22,0:00.01,0:00.01,0:00.01,0:00.01,0:00.00,0:00.01,0:00.01,0:00.00,0:00.00,0:00.01,0:00.01,0:00.01,0:00.00,0:00.02,0:00.00,0:00.00,0:00.00,0:00.00,0:00.01,0:00.00
public_099,0:00.11,0:00.01,0:00.01,0:00.01,0:00.01,0:00.00,0:00.01,0:00.01,0:00.00,0:00.00,0:00.01,0:00.01,0:00.00,0:00.00,0:00.01,0:00.01,0:00.00,0:00.00,0:00.00,0:00.00,0:00.00
public_100,TIMEOUT,TIMEOUT,TIMEOUT,TIMEOUT,TIMEOUT,TIMEOUT,TIMEOUT,TIMEOUT,TIMEOUT,TIMEOUT,TIMEOUT,TIMEOUT,TIMEOUT,TIMEOUT,TIMEOUT,TIMEOUT,TIMEOUT,TIMEOUT,TIMEOUT,TIMEOUT,TIMEOUT
